cluster	gene_id	gene_name	p_value_adj	max_abs_delta_psi	Annotated	Region	diff_exp_rank	p_value	chromosome	start	end
16502	ENSMUSG00000025290	Rps24	2.8908630004081924e-23	0.744	True	CDS		4.81810500068032e-24	chr14	[24493494 24495450]	[24495775]
1417	ENSMUSG00000090841	Myl6	1.8241709761617914e-21	0.419	True	CDS		6.080569920539305e-22	chr10	[128491034]	[128491720 128492059]
4721	ENSMUSG00000022892	App	9.103435393029651e-11	0.396	True	CDS		4.551717696514826e-11	chr16	[85030366]	[85040251 85043576]
4716	ENSMUSG00000022892	App	0.0006698524480314449	0.24	True	CDS		0.00044656829868762986	chr16	[84965771]	[84971408 84978064]
