cluster	gene_id	gene_name	p_value	p_value_adj	max_abs_delta_psi	Annotated	Region	diff_exp_rank	coordinates
5	ENSMUSG00000025290	Rps24	4.7470082900045156e-24	2.848204974002709e-23	0.749	True	CDS	1478.0	['chr14:24493494-24495775' 'chr14:24495450-24495775']
0	ENSMUSG00000090841	Myl6	6.0039053386975935e-22	1.8011716016092783e-21	0.421	True	CDS	1307.0	['chr10:128491034-128491720' 'chr10:128491034-128492059']
2	ENSMUSG00000022892	App	4.5412573230702353e-11	9.082514646140471e-11	0.398	True	CDS	876.0	['chr16:85030366-85040251' 'chr16:85030366-85043576']
1	ENSMUSG00000022892	App	0.00044642372878284786	0.0006696355931742719	0.242	True	CDS	876.0	['chr16:84965771-84971408' 'chr16:84965771-84978064']
