cluster	gene_id	gene_name	p_value	p_value_adj	max_abs_delta_psi	chromosome	start	end	Annotated	Region	diff_exp_rank
16502	ENSMUSG00000025290	Rps24	4.8199999999999996e-24	2.8899999999999995e-23	0.744	chr14	[24493494 24495450]	[24495775]	True	CDS	
1417	ENSMUSG00000090841	Myl6	6.08e-22	1.82e-21	0.419	chr10	[128491034]	[128491720 128492059]	True	CDS	
4721	ENSMUSG00000022892	App	4.55e-11	9.1e-11	0.396	chr16	[85030366]	[85040251 85043576]	True	CDS	
4716	ENSMUSG00000022892	App	0.000447	0.00067	0.24	chr16	[84965771]	[84971408 84978064]	True	CDS	
