cluster	gene_id	gene_name	p_value	p_value_adj	max_abs_delta_psi	Annotated	Region	diff_exp_rank	coordinates
10	ENSMUSG00000025290	Rps24	1.759307899422271e-66	3.342685008902315e-65	0.746	True	CDS	1531.0	['chr14:24493494-24495775' 'chr14:24495450-24495775']
2	ENSMUSG00000090841	Myl6	9.4188614544132e-22	8.947918381692541e-21	0.503	True	CDS	142.0	['chr10:128491034-128491290' 'chr10:128491034-128491720' 'chr10:128491034-128492059']
