cluster	gene_id	gene_name	p_value_adj	max_abs_delta_psi	Annotated	Region	diff_exp_rank	p_value	chromosome	start	end
16502	ENSMUSG00000025290	Rps24	4.532031631118006e-65	0.741	True	CDS		1.8128126524472027e-66	chr14	[24493494 24495450]	[24495775]
1417	ENSMUSG00000090841	Myl6	1.017643709315597e-20	0.498	True	CDS		1.2211724511787164e-21	chr10	[128491034]	[128491290 128491720 128492059]
