cluster	gene_id	gene_name	p_value	p_value_adj	max_abs_delta_psi	Annotated	Region	diff_exp_rank	coordinates
5	ENSMUSG00000025290	Rps24	4.747008290438298e-24	2.8482049742629787e-23	0.749	True	CDS	1478.0	['chr14:24493494-24495775' 'chr14:24495450-24495775']
0	ENSMUSG00000090841	Myl6	6.003905338607204e-22	1.8011716015821607e-21	0.421	True	CDS	1307.0	['chr10:128491034-128491720' 'chr10:128491034-128492059']
2	ENSMUSG00000022892	App	4.541257322372095e-11	9.08251464474419e-11	0.398	True	CDS	876.0	['chr16:85030366-85040251' 'chr16:85030366-85043576']
1	ENSMUSG00000022892	App	0.000446423728767351	0.0006696355931510265	0.242	True	CDS	876.0	['chr16:84965771-84971408' 'chr16:84965771-84978064']
