cluster	gene_id	gene_name	p_value_adj	max_abs_delta_psi	Annotated	Region	diff_exp_rank	p_value	chromosome	start	end
16502	ENSMUSG00000025290	Rps24	2.8908643699529085e-23	0.744	True	CDS	1478.0	4.818107283254847e-24	chr14	[24493494 24495450]	[24495775]
1417	ENSMUSG00000090841	Myl6	1.8241699970371772e-21	0.419	True	CDS	1307.0	6.080566656790592e-22	chr10	[128491034]	[128491720 128492059]
4721	ENSMUSG00000022892	App	9.103436988652541e-11	0.396	True	CDS	876.0	4.5517184943262705e-11	chr16	[85030366]	[85040251 85043576]
4716	ENSMUSG00000022892	App	0.0006698525628239758	0.24	True	CDS	876.0	0.00044656837521598377	chr16	[84965771]	[84971408 84978064]
