cluster	gene_id	gene_name	p_value	p_value_adj	max_abs_delta_psi	chromosome	start	end	Annotated	Region	diff_exp_rank
16502	ENSMUSG00000025290	Rps24	4.6200000000000004e-58	1.48e-56	0.653	chr14	[24493494 24495450]	[24495775]	True	CDS	
1417	ENSMUSG00000090841	Myl6	7.9599999999999995e-25	1.2699999999999999e-23	0.186	chr10	[128491034]	[128491720 128492059]	True	CDS	
24662	ENSMUSG00000055148	Klf2	5.8e-12	6.18e-11	0.091	chr8	[72319150 72320243]	[72320744]	False	CDS	
17507	ENSMUSG00000022841	Ap2m1	1.37e-07	1.1e-06	0.373	chr16	[20540416 20540814]	[20540975]	True	CDS	
3591	ENSMUSG00000060373	Hnrnpc	7.89e-05	0.000421	0.178	chr14	[52084392]	[52098015 52103889]	True	5' UTR	
7009	ENSMUSG00000027620	Rbm39	0.000311	0.00142	0.183	chr2	[156177386]	[156178880 156179177]	True	CDS	
20797	ENSMUSG00000078578	Ube2d3	0.000748	0.00299	0.206	chr3	[135438699 135438865]	[135439644]	True	5' UTR	
5088	ENSMUSG00000067288	Rps28	0.00156	0.00556	0.09	chr17	[33823117]	[33823193 33823197]	True	3' UTR	
17339	ENSMUSG00000023048	Prr13	0.00246	0.00788	0.208	chr15	[102459256 102459582]	[102460108]	True	5' UTR	
