cluster	gene_id	gene_name	p_value	p_value_adj	max_abs_delta_psi	Annotated	Region	diff_exp_rank	coordinates
16	ENSMUSG00000025290	Rps24	4.4416933750464044e-58	1.4213418800148494e-56	0.657	True	CDS	912.0	['chr14:24493494-24495775' 'chr14:24495450-24495775']
0	ENSMUSG00000090841	Myl6	7.690353247420105e-25	1.2304565195872168e-23	0.185	True	CDS	1427.0	['chr10:128491034-128491720' 'chr10:128491034-128492059']
29	ENSMUSG00000055148	Klf2	5.556061690900213e-12	5.926465803626893e-11	0.089	False	CDS	1303.0	['chr8:72319150-72320744' 'chr8:72320243-72320744']
18	ENSMUSG00000022841	Ap2m1	1.3730847808670615e-07	1.0984678246936492e-06	0.376	True	CDS	3446.0	['chr16:20540416-20540975' 'chr16:20540814-20540975']
6	ENSMUSG00000060373	Hnrnpc	7.872170149099941e-05	0.00041984907461866365	0.178	True	5' UTR	4270.0	['chr14:52084392-52098015' 'chr14:52084392-52103889']
11	ENSMUSG00000027620	Rbm39	0.00031068562514570343	0.0014202771435232154	0.184	True	CDS	2096.0	['chr2:156177386-156178880' 'chr2:156177386-156179177']
25	ENSMUSG00000078578	Ube2d3	0.0007479020479199902	0.0029916081916799607	0.208	True	5' UTR	2321.0	['chr3:135438699-135439644' 'chr3:135438865-135439644']
9	ENSMUSG00000067288	Rps28	0.0015638385495543095	0.005560314842859768	0.091	True	3' UTR	599.0	['chr17:33823117-33823193' 'chr17:33823117-33823197']
17	ENSMUSG00000023048	Prr13	0.0024622787610064987	0.007879292035220798	0.209	True	5' UTR	1328.0	['chr15:102459256-102460108' 'chr15:102459582-102460108']
