cluster	gene_id	gene_name	p_value_adj	max_abs_delta_psi	Annotated	Region	diff_exp_rank	p_value	chromosome	start	end
16502	ENSMUSG00000025290	Rps24	1.4781248697649075e-56	0.653	True	CDS	912.0	4.619140218015336e-58	chr14	[24493494 24495450]	[24495775]
1417	ENSMUSG00000090841	Myl6	1.2730839922033335e-23	0.186	True	CDS	1427.0	7.956774951270834e-25	chr10	[128491034]	[128491720 128492059]
24662	ENSMUSG00000055148	Klf2	6.182012035734164e-11	0.091	False	CDS	1303.0	5.795636283500777e-12	chr8	[72319150 72320243]	[72320744]
17507	ENSMUSG00000022841	Ap2m1	1.099728897020187e-06	0.373	True	CDS	3446.0	1.3746611212752338e-07	chr16	[20540416 20540814]	[20540975]
3591	ENSMUSG00000060373	Hnrnpc	0.0004208517805259527	0.178	True	5' UTR	4270.0	7.890970884861613e-05	chr14	[52084392]	[52098015 52103889]
7009	ENSMUSG00000027620	Rbm39	0.0014227163243113925	0.183	True	CDS	2096.0	0.00031121919594311715	chr2	[156177386]	[156178880 156179177]
20797	ENSMUSG00000078578	Ube2d3	0.002993856711114239	0.206	True	5' UTR	2321.0	0.0007484641777785598	chr3	[135438699 135438865]	[135439644]
5088	ENSMUSG00000067288	Rps28	0.005562388716454167	0.09	True	3' UTR	599.0	0.0015644218265027346	chr17	[33823117]	[33823193 33823197]
17339	ENSMUSG00000023048	Prr13	0.007881674273365577	0.208	True	5' UTR	1328.0	0.002463023210426743	chr15	[102459256 102459582]	[102460108]
